Data_Hora_UTC,Token,Compra_DEX,Venda_DEX,Preco_Compra,Preco_Venda,Spread_Bruto_Pct,Taxas_Pool_Pct,Spread_Liquido_Pct,Lucro_1k_USD,Lucro_10k_USD,Lucro_50k_USD
2026-10-07 22:16:27 UTC,WETH,Uniswap v3,Aerodrome,0.0000,83583.8803,148620396946894.594%,0.350%,148620396946894.250%,1486203969468942.50,14862039694689426.00,74310198473447120.00
2026-10-07 22:16:27 UTC,WETH,Uniswap v3,PancakeSwap,0.0000,83211.6137,147958470259191.562%,0.310%,147958470259191.250%,1479584702591912.50,14795847025919124.00,73979235129595616.00
2026-10-07 22:16:27 UTC,WETH,Uniswap v3,Aerodrome,0.0000,83210.6401,147956739077539.094%,0.350%,147956739077538.750%,1479567390775387.25,14795673907753874.00,73978369538769360.00
2026-10-07 22:16:27 UTC,WETH,Uniswap v3,Aerodrome,0.0000,83137.2264,147826202181435.719%,0.350%,147826202181435.375%,1478262021814353.75,14782620218143538.00,73913101090717680.00
2026-10-07 22:16:27 UTC,WETH,Uniswap v3,Aerodrome,0.0000,2928.9711,5208000000341.324%,0.350%,5208000000340.975%,52080000003409.71,520800000034097.38,2604000000170487.00
2026-10-07 22:16:27 UTC,WETH,Uniswap v3,PancakeSwap,0.0000,2566.4700,4563437218216.922%,0.310%,4563437218216.612%,45634372182166.09,456343721821661.19,2281718609108306.00
2026-10-07 22:16:27 UTC,WETH,Uniswap v3,Aerodrome,0.0000,2566.4700,4563437218216.922%,0.350%,4563437218216.572%,45634372182165.69,456343721821657.19,2281718609108286.00
2026-10-07 22:16:27 UTC,WETH,Uniswap v3,Aerodrome,0.0000,2565.2600,4561285718673.128%,0.350%,4561285718672.778%,45612857186727.75,456128571867277.75,2280642859336389.00
2026-10-07 22:16:27 UTC,WETH,Uniswap v3,Aerodrome,0.0000,25.2019,44811542012.974%,0.600%,44811542012.374%,448115420123.71,4481154201237.35,22405771006186.85
2026-10-07 22:16:27 UTC,WETH,Uniswap v3,Aerodrome,0.0000,25.0641,44566458310.876%,0.350%,44566458310.525%,445664583105.22,4456645831052.52,22283229155262.71
2026-10-07 22:16:27 UTC,WETH,Uniswap v3,Aerodrome,0.0000,25.0571,44554062579.789%,0.350%,44554062579.439%,445540625794.36,4455406257943.88,22277031289719.54
2026-10-07 22:16:27 UTC,WETH,Uniswap v3,Aerodrome,0.0000,6.5783,11696907413.503%,0.350%,11696907413.153%,116969074131.50,1169690741315.30,5848453706576.64
2026-10-07 22:16:27 UTC,WETH,Uniswap v3,Aerodrome,0.0000,0.9983,1775045357.362%,0.350%,1775045357.012%,17750453570.09,177504535701.21,887522678506.19
2026-10-07 22:16:27 UTC,WETH,Uniswap v3,Aerodrome,0.0000,0.7919,1408073828.782%,0.600%,1408073828.182%,14080738281.79,140807382818.15,704036914090.87
2026-10-07 22:16:27 UTC,cbETH,Aerodrome,Quickswap-V4,0.0050,2936.3484,59267062.304%,0.100%,59267062.204%,592670622.01,5926706220.38,29633531102.03
2026-10-07 22:16:27 UTC,cbETH,Aerodrome,Uniswap v3,0.0050,2932.3861,59187087.203%,0.100%,59187087.103%,591870871.00,5918708710.28,29593543551.53
2026-10-07 22:16:27 UTC,cbETH,Aerodrome,Alien-V3,0.0050,2932.3460,59186276.963%,0.060%,59186276.903%,591862769.00,5918627690.28,29593138451.50
2026-10-07 22:16:27 UTC,cbETH,Aerodrome,Uniswap v3,0.0050,2931.0378,59159871.984%,0.350%,59159871.634%,591598716.31,5915987163.41,29579935817.18
2026-10-07 22:16:27 UTC,cbETH,Aerodrome,PancakeSwap,0.0050,2930.8663,59156410.411%,0.060%,59156410.351%,591564103.48,5915641035.06,29578205175.41
2026-10-07 22:16:27 UTC,cbETH,Aerodrome,Uniswap v3,0.0050,2929.2450,59123687.750%,0.350%,59123687.400%,591236873.97,5912368740.01,29561843700.18
2026-10-07 22:16:27 UTC,cbETH,Aerodrome,Uniswap v3,0.0050,2928.9055,59116835.589%,0.100%,59116835.489%,591168354.86,5911683548.84,29558417744.31
2026-10-07 22:16:27 UTC,cbETH,Aerodrome,Hydrex-Integral,0.0050,2928.7683,59114064.822%,0.100%,59114064.722%,591140647.19,5911406472.15,29557032360.86
2026-10-07 22:16:27 UTC,cbETH,Aerodrome,Quickswap-V4,0.0050,2928.7254,59113200.346%,0.100%,59113200.246%,591132002.43,5911320024.56,29556600122.94
2026-10-07 22:16:27 UTC,cbETH,Aerodrome,Maverick-V2,0.0050,2927.5532,59089539.708%,0.100%,59089539.608%,590895396.05,5908953960.74,29544769803.81
2026-10-07 22:16:27 UTC,cbETH,Aerodrome,Curve,0.0050,2923.1104,58999865.972%,0.100%,58999865.872%,589998658.69,5899986587.13,29499932935.79
2026-10-07 22:16:27 UTC,WETH,Aerodrome,Uniswap v3,0.7919,83234.1039,10510602.383%,0.350%,10510602.033%,105106020.30,1051060203.28,5255301016.50
2026-10-07 22:16:27 UTC,WETH,Aerodrome,PancakeSwap,0.7919,83211.6137,10507762.353%,0.310%,10507762.043%,105077620.40,1050776204.23,5253881021.27
2026-10-07 22:16:27 UTC,cbBTC,Aerodrome,Uniswap v3,0.7952,83512.5891,10501937.910%,0.100%,10501937.810%,105019378.07,1050193781.00,5250968905.14
2026-10-07 22:16:27 UTC,cbBTC,Aerodrome,PancakeSwap,0.7952,83507.0551,10501241.986%,0.060%,10501241.925%,105012419.23,1050124192.52,5250620962.73
2026-10-07 22:16:27 UTC,WETH,Aerodrome,Uniswap v3,0.7919,83086.6474,10491981.752%,0.600%,10491981.152%,104919811.49,1049198115.17,5245990575.99
2026-10-07 22:16:27 UTC,cbBTC,Aerodrome,Uniswap v3,0.7952,83234.1039,10466917.298%,0.100%,10466917.198%,104669171.96,1046691719.82,5233458599.23
2026-10-07 22:16:27 UTC,cbBTC,Aerodrome,PancakeSwap,0.7952,83211.6137,10464089.072%,0.060%,10464089.012%,104640890.09,1046408901.16,5232044505.94
2026-10-07 22:16:27 UTC,cbBTC,Aerodrome,Uniswap v3,0.7952,83100.6790,10450138.594%,0.100%,10450138.494%,104501384.91,1045013849.37,5225069246.96
2026-10-07 22:16:27 UTC,cbBTC,Aerodrome,Uniswap v3,0.7952,83086.6474,10448374.059%,0.350%,10448373.709%,104483737.06,1044837370.92,5224186854.70
2026-10-07 22:16:27 UTC,cbBTC,Aerodrome,Uniswap v3,0.9964,83512.5891,8381306.093%,1.050%,8381305.043%,83813050.40,838130504.24,4190652521.32
2026-10-07 22:16:27 UTC,cbBTC,Aerodrome,PancakeSwap,0.9964,83507.0551,8380750.693%,1.010%,8380749.683%,83807496.80,838074968.27,4190374841.48
2026-10-07 22:16:27 UTC,WETH,Uniswap v3,Aerodrome,0.9993,83583.8803,8363866.613%,0.100%,8363866.513%,83638665.10,836386651.26,4181933256.43
2026-10-07 22:16:27 UTC,cbBTC,Aerodrome,Uniswap v3,0.9964,83234.1039,8353357.044%,1.050%,8353355.994%,83533559.91,835335599.37,4176677996.96
2026-10-07 22:16:27 UTC,cbBTC,Aerodrome,PancakeSwap,0.9964,83211.6137,8351099.909%,1.010%,8351098.899%,83510988.96,835109889.88,4175549449.54
2026-10-07 22:16:27 UTC,cbBTC,Aerodrome,Uniswap v3,0.9964,83100.6790,8339966.392%,1.050%,8339965.342%,83399653.39,833996534.15,4169982670.88
2026-10-07 22:16:27 UTC,cbBTC,Aerodrome,Uniswap v3,0.9964,83086.6474,8338558.162%,1.300%,8338556.862%,83385568.59,833855686.20,4169278431.10
2026-10-07 22:16:27 UTC,WETH,Aerodrome,Uniswap v3,0.9983,83234.1039,8337627.880%,0.100%,8337627.780%,83376277.77,833762778.01,4168813890.16
2026-10-07 22:16:27 UTC,WETH,Aerodrome,PancakeSwap,0.9983,83211.6137,8335374.996%,0.060%,8335374.936%,83353749.33,833537493.53,4167687467.78
2026-10-07 22:16:27 UTC,WETH,Uniswap v3,PancakeSwap,0.9993,83211.6137,8326615.113%,0.060%,8326615.053%,83266150.50,832661505.26,4163307526.43
2026-10-07 22:16:27 UTC,WETH,Uniswap v3,Aerodrome,0.9993,83210.6401,8326517.687%,0.100%,8326517.587%,83265175.84,832651758.63,4163258793.25
2026-10-07 22:16:27 UTC,WETH,Aerodrome,Uniswap v3,0.9983,83086.6474,8322856.864%,0.350%,8322856.514%,83228565.11,832285651.39,4161428257.09
2026-10-07 22:16:27 UTC,WETH,Uniswap v3,Aerodrome,0.9993,83137.2264,8319171.412%,0.100%,8319171.312%,83191713.09,831917131.17,4159585655.97
2026-10-07 22:16:27 UTC,cbBTC,Aerodrome,Uniswap v3,6.5710,83512.5891,1270830.676%,0.100%,1270830.576%,12708305.73,127083057.56,635415287.94
2026-10-07 22:16:27 UTC,cbBTC,Aerodrome,PancakeSwap,6.5710,83507.0551,1270746.457%,0.060%,1270746.397%,12707463.94,127074639.65,635373198.39
2026-10-07 22:16:27 UTC,cbBTC,Aerodrome,Uniswap v3,6.5710,83234.1039,1266592.568%,0.100%,1266592.468%,12665924.65,126659246.77,633296233.99
2026-10-07 22:16:27 UTC,cbBTC,Aerodrome,PancakeSwap,6.5710,83211.6137,1266250.303%,0.060%,1266250.243%,12662502.40,126625024.28,633125121.50
2026-10-07 22:16:27 UTC,WETH,Aerodrome,Uniswap v3,6.5783,83234.1039,1265178.535%,0.100%,1265178.435%,12651784.32,126517843.44,632589217.30
2026-10-07 22:16:27 UTC,WETH,Aerodrome,PancakeSwap,6.5783,83211.6137,1264836.652%,0.060%,1264836.592%,12648365.89,126483659.14,632418295.84
2026-10-07 22:16:27 UTC,cbBTC,Aerodrome,Uniswap v3,6.5710,83100.6790,1264562.051%,0.100%,1264561.951%,12645619.48,126456195.04,632280975.31
2026-10-07 22:16:27 UTC,cbBTC,Aerodrome,Uniswap v3,6.5710,83086.6474,1264348.511%,0.350%,1264348.161%,12643481.58,126434816.08,632174080.51
2026-10-07 22:16:27 UTC,WETH,Aerodrome,Uniswap v3,6.5783,83086.6474,1262936.983%,0.350%,1262936.633%,12629366.30,126293663.25,631468316.36
2026-10-07 22:16:27 UTC,WETH,Aerodrome,Uniswap v3,25.0571,83234.1039,332077.250%,0.100%,332077.150%,3320771.47,33207714.93,166038574.76
2026-10-07 22:16:27 UTC,WETH,Aerodrome,PancakeSwap,25.0571,83211.6137,331987.494%,0.060%,331987.434%,3319874.31,33198743.38,165993717.00
2026-10-07 22:16:27 UTC,WETH,Aerodrome,Uniswap v3,25.0641,83234.1039,331984.858%,0.100%,331984.758%,3319847.55,33198475.74,165992378.81
2026-10-07 22:16:27 UTC,WETH,Aerodrome,PancakeSwap,25.0641,83211.6137,331895.127%,0.060%,331895.067%,3318950.64,33189506.68,165947533.54
2026-10-07 22:16:27 UTC,WETH,Aerodrome,Uniswap v3,25.0571,83086.6474,331488.769%,0.350%,331488.419%,3314884.15,33148841.82,165744209.20
2026-10-07 22:16:27 UTC,WETH,Aerodrome,Uniswap v3,25.0641,83086.6474,331396.540%,0.350%,331396.190%,3313961.87,33139618.99,165698095.09
2026-10-07 22:16:27 UTC,WETH,Aerodrome,Uniswap v3,25.2019,83234.1039,330168.616%,0.350%,330168.266%,3301682.63,33016826.58,165084133.02
2026-10-07 22:16:27 UTC,WETH,Aerodrome,PancakeSwap,25.2019,83211.6137,330079.376%,0.310%,330079.066%,3300790.63,33007906.60,165039533.12
2026-10-07 22:16:27 UTC,WETH,Aerodrome,Uniswap v3,25.2019,83086.6474,329583.516%,0.600%,329582.916%,3295829.13,32958291.60,164791458.11
2026-10-07 22:16:27 UTC,WETH,Aerodrome,PancakeSwap,0.7919,2566.4700,323990.740%,0.310%,323990.430%,3239904.27,32399042.99,161995215.07
2026-10-07 22:16:27 UTC,WETH,Aerodrome,Uniswap v3,0.7919,2566.4700,323990.740%,0.310%,323990.430%,3239904.27,32399042.99,161995215.07
2026-10-07 22:16:27 UTC,WETH,Aerodrome,Uniswap v3,0.7919,2565.2600,323837.943%,0.600%,323837.343%,3238373.40,32383734.26,161918671.40
2026-10-07 22:16:27 UTC,cbBTC,Aerodrome,Uniswap v3,0.7952,2566.2300,322613.558%,0.100%,322613.458%,3226134.55,32261345.75,161306728.87
2026-10-07 22:16:27 UTC,cbBTC,Aerodrome,Hydrex-Integral,0.7952,2566.2300,322613.558%,0.100%,322613.458%,3226134.55,32261345.75,161306728.87
2026-10-07 22:16:27 UTC,WETH,Uniswap v3,Aerodrome,0.9993,2928.9711,292992.597%,0.100%,292992.497%,2929924.94,29299249.68,146496248.52
2026-10-07 22:16:27 UTC,cbBTC,Aerodrome,Uniswap v3,0.9964,2566.2300,257449.383%,1.050%,257448.333%,2574483.30,25744833.23,128724166.25
2026-10-07 22:16:27 UTC,cbBTC,Aerodrome,Hydrex-Integral,0.9964,2566.2300,257449.383%,1.050%,257448.333%,2574483.30,25744833.23,128724166.25
2026-10-07 22:16:27 UTC,WETH,Aerodrome,PancakeSwap,0.9983,2566.4700,256988.471%,0.060%,256988.411%,2569884.08,25698841.03,128494205.26
2026-10-07 22:16:27 UTC,WETH,Aerodrome,Uniswap v3,0.9983,2566.4700,256988.471%,0.060%,256988.411%,2569884.08,25698841.03,128494205.26
2026-10-07 22:16:27 UTC,WETH,Aerodrome,Uniswap v3,0.9983,2565.2600,256867.262%,0.350%,256866.912%,2568669.09,25686691.21,128433456.19
2026-10-07 22:16:27 UTC,WETH,Uniswap v3,PancakeSwap,0.9993,2566.4700,256718.292%,0.060%,256718.232%,2567182.29,25671823.19,128359116.08
2026-10-07 22:16:27 UTC,WETH,Uniswap v3,Aerodrome,0.9993,2566.4700,256718.292%,0.100%,256718.192%,2567181.89,25671819.19,128359096.08
2026-10-07 22:16:27 UTC,WETH,Uniswap v3,Aerodrome,0.9993,2565.2600,256597.212%,0.100%,256597.111%,2565971.08,25659711.12,128298555.70
2026-10-07 22:16:27 UTC,cbBTC,Aerodrome,Uniswap v3,116.2380,83512.5891,71746.230%,0.100%,71746.130%,717461.27,7174612.95,35873064.89
2026-10-07 22:16:27 UTC,cbBTC,Aerodrome,PancakeSwap,116.2380,83507.0551,71741.469%,0.060%,71741.409%,717414.06,7174140.86,35870704.42
2026-10-07 22:16:27 UTC,cbBTC,Aerodrome,Uniswap v3,116.2380,83234.1039,71506.648%,0.100%,71506.548%,715065.45,7150654.76,35753273.90
2026-10-07 22:16:27 UTC,cbBTC,Aerodrome,PancakeSwap,116.2380,83211.6137,71487.299%,0.060%,71487.239%,714872.36,7148723.92,35743619.71
2026-10-07 22:16:27 UTC,cbBTC,Aerodrome,Uniswap v3,116.2380,83100.6790,71391.862%,0.100%,71391.762%,713917.59,7139176.16,35695880.92
2026-10-07 22:16:27 UTC,cbBTC,Aerodrome,Uniswap v3,116.2380,83086.6474,71379.790%,0.350%,71379.440%,713794.37,7137944.01,35689720.18
2026-10-07 22:16:27 UTC,AERO,Aerodrome,Uniswap v3,0.0013,0.7922,59968.287%,0.100%,59968.187%,599681.84,5996818.69,29984093.57
2026-10-07 22:16:27 UTC,AERO,Aerodrome,Uniswap v3,0.0013,0.7920,59953.943%,0.350%,59953.593%,599535.90,5995359.24,29976796.31
2026-10-07 22:16:27 UTC,AERO,Aerodrome,PancakeSwap,0.0013,0.7908,59861.737%,0.100%,59861.637%,598616.34,5986163.70,29930818.64
2026-10-07 22:16:27 UTC,AERO,Aerodrome,Uniswap v3,0.0013,0.7853,59445.219%,1.050%,59444.169%,594441.66,5944416.87,29722084.47
2026-10-07 22:16:27 UTC,cbBTC,Uniswap v3,Aerodrome,151.4516,83583.8803,55088.492%,0.060%,55088.432%,550884.29,5508843.13,27544215.76
2026-10-07 22:16:27 UTC,cbBTC,Uniswap v3,PancakeSwap,151.4516,83507.0551,55037.766%,0.020%,55037.746%,550377.43,5503774.54,27518872.81
2026-10-07 22:16:27 UTC,cbBTC,Uniswap v3,Aerodrome,151.4516,83507.0551,55037.766%,0.060%,55037.706%,550377.03,5503770.54,27518852.81
2026-10-07 22:16:27 UTC,cbBTC,Uniswap v3,Aerodrome,151.4516,83451.7953,55001.279%,0.020%,55001.259%,550012.56,5500125.86,27500629.42
2026-10-07 22:16:27 UTC,cbBTC,Uniswap v3,PancakeSwap,151.4516,83211.6137,54842.693%,0.020%,54842.673%,548426.70,5484267.23,27421336.29
2026-10-07 22:16:27 UTC,cbBTC,Uniswap v3,Aerodrome,151.4516,83210.6401,54842.050%,0.060%,54841.990%,548419.87,5484198.95,27420994.86
2026-10-07 22:16:27 UTC,cbBTC,Uniswap v3,Aerodrome,151.4516,83137.2264,54793.576%,0.060%,54793.516%,547935.13,5479351.61,27396758.17
2026-10-07 22:16:27 UTC,cbBTC,Uniswap v3,Aerodrome,151.4516,83121.0747,54782.912%,0.060%,54782.852%,547828.49,5478285.15,27391425.88
2026-10-07 22:16:27 UTC,cbBTC,Aerodrome,Uniswap v3,6.5710,2566.2300,38953.997%,0.100%,38953.897%,389538.94,3895389.70,19476948.62
2026-10-07 22:16:27 UTC,cbBTC,Aerodrome,Hydrex-Integral,6.5710,2566.2300,38953.997%,0.100%,38953.897%,389538.94,3895389.70,19476948.62
2026-10-07 22:16:27 UTC,WETH,Aerodrome,PancakeSwap,6.5783,2566.4700,38914.049%,0.060%,38913.989%,389139.86,3891398.86,19456994.43
2026-10-07 22:16:27 UTC,WETH,Aerodrome,Uniswap v3,6.5783,2566.4700,38914.049%,0.060%,38913.989%,389139.86,3891398.86,19456994.43
2026-10-07 22:16:27 UTC,WETH,Aerodrome,Uniswap v3,6.5783,2565.2600,38895.655%,0.350%,38895.305%,388953.02,3889530.49,19447652.55
2026-10-07 22:16:27 UTC,cbBTC,Aerodrome,Uniswap v3,0.7952,151.4516,18945.643%,0.060%,18945.583%,189455.80,1894558.27,9472791.45
2026-10-07 22:16:27 UTC,cbBTC,Aerodrome,Uniswap v3,0.9964,151.4516,15099.837%,1.010%,15098.827%,150988.24,1509882.70,7549413.64
2026-10-07 22:16:27 UTC,WETH,Aerodrome,PancakeSwap,25.0571,2566.4700,10142.472%,0.060%,10142.412%,101424.09,1014241.13,5071205.77
2026-10-07 22:16:27 UTC,WETH,Aerodrome,Uniswap v3,25.0571,2566.4700,10142.472%,0.060%,10142.412%,101424.09,1014241.13,5071205.77
2026-10-07 22:16:27 UTC,WETH,Aerodrome,PancakeSwap,25.0641,2566.4700,10139.623%,0.060%,10139.563%,101395.60,1013956.25,5069781.35
2026-10-07 22:16:27 UTC,WETH,Aerodrome,Uniswap v3,25.0641,2566.4700,10139.623%,0.060%,10139.563%,101395.60,1013956.25,5069781.35
2026-10-07 22:16:27 UTC,WETH,Aerodrome,Uniswap v3,25.0571,2565.2600,10137.643%,0.350%,10137.293%,101372.90,1013729.23,5068646.29
2026-10-07 22:16:27 UTC,WETH,Aerodrome,Uniswap v3,25.0641,2565.2600,10134.795%,0.350%,10134.445%,101344.42,1013444.48,5067222.54
2026-10-07 22:16:27 UTC,WETH,Aerodrome,PancakeSwap,25.2019,2566.4700,10083.620%,0.310%,10083.310%,100833.07,1008330.98,5041655.03
2026-10-07 22:16:27 UTC,WETH,Aerodrome,Uniswap v3,25.2019,2566.4700,10083.620%,0.310%,10083.310%,100833.07,1008330.98,5041655.03
2026-10-07 22:16:27 UTC,WETH,Aerodrome,Uniswap v3,25.2019,2565.2600,10078.819%,0.600%,10078.219%,100782.16,1007821.86,5039109.42
2026-10-07 22:16:27 UTC,AERO,Aerodrome,Uniswap v3,0.0238,0.7922,3231.735%,0.100%,3231.635%,32316.32,323163.52,1615817.70
2026-10-07 22:16:27 UTC,AERO,Aerodrome,Uniswap v3,0.0238,0.7920,3230.940%,0.350%,3230.590%,32305.87,323058.95,1615294.89
2026-10-07 22:16:27 UTC,AERO,Aerodrome,PancakeSwap,0.0238,0.7908,3225.826%,0.100%,3225.726%,32257.23,322572.53,1612862.76
2026-10-07 22:16:27 UTC,AERO,Aerodrome,Uniswap v3,0.0238,0.7853,3202.723%,1.050%,3201.673%,32016.70,320167.28,1600836.50
2026-10-07 22:16:27 UTC,WETH,Uniswap v3,Aerodrome,2565.2600,83583.8803,3158.300%,0.350%,3157.950%,31579.48,315795.02,1578975.24
2026-10-07 22:16:27 UTC,cbBTC,Uniswap v3,Aerodrome,2566.2300,83583.8803,3157.069%,0.100%,3156.969%,31569.66,315696.86,1578484.44
2026-10-07 22:16:27 UTC,cbBTC,Hydrex-Integral,Aerodrome,2566.2300,83583.8803,3157.069%,0.100%,3156.969%,31569.66,315696.86,1578484.44
2026-10-07 22:16:27 UTC,WETH,PancakeSwap,Aerodrome,2566.4700,83583.8803,3156.764%,0.060%,3156.704%,31567.01,315670.41,1578352.15
2026-10-07 22:16:27 UTC,WETH,Uniswap v3,Aerodrome,2566.4700,83583.8803,3156.764%,0.060%,3156.704%,31567.01,315670.41,1578352.15
2026-10-07 22:16:27 UTC,cbBTC,Hydrex-Integral,Uniswap v3,2566.2300,83512.5891,3154.291%,0.100%,3154.191%,31541.88,315419.06,1577095.41
2026-10-07 22:16:27 UTC,cbBTC,Uniswap v3,PancakeSwap,2566.2300,83507.0551,3154.075%,0.060%,3154.015%,31540.12,315401.49,1577007.59
2026-10-07 22:16:27 UTC,cbBTC,Hydrex-Integral,PancakeSwap,2566.2300,83507.0551,3154.075%,0.060%,3154.015%,31540.12,315401.49,1577007.59
2026-10-07 22:16:27 UTC,cbBTC,Uniswap v3,Aerodrome,2566.2300,83507.0551,3154.075%,0.100%,3153.975%,31539.72,315397.49,1576987.59
2026-10-07 22:16:27 UTC,cbBTC,Hydrex-Integral,Aerodrome,2566.2300,83507.0551,3154.075%,0.100%,3153.975%,31539.72,315397.49,1576987.59
2026-10-07 22:16:27 UTC,cbBTC,Uniswap v3,Aerodrome,2566.2300,83451.7953,3151.922%,0.060%,3151.862%,31518.59,315186.16,1575930.92
2026-10-07 22:16:27 UTC,cbBTC,Hydrex-Integral,Aerodrome,2566.2300,83451.7953,3151.922%,0.060%,3151.862%,31518.59,315186.16,1575930.92
2026-10-07 22:16:27 UTC,WETH,Aerodrome,Uniswap v3,2565.2600,83234.1039,3144.665%,0.100%,3144.565%,31445.62,314456.51,1572282.68
2026-10-07 22:16:27 UTC,WETH,Aerodrome,PancakeSwap,2565.2600,83211.6137,3143.789%,0.060%,3143.729%,31437.26,314372.84,1571864.31
2026-10-07 22:16:27 UTC,WETH,Uniswap v3,PancakeSwap,2565.2600,83211.6137,3143.789%,0.310%,3143.479%,31434.76,314347.84,1571739.31
2026-10-07 22:16:27 UTC,WETH,Uniswap v3,Aerodrome,2565.2600,83210.6401,3143.751%,0.350%,3143.401%,31433.98,314340.04,1571700.34
2026-10-07 22:16:27 UTC,cbBTC,Hydrex-Integral,Uniswap v3,2566.2300,83234.1039,3143.439%,0.100%,3143.339%,31433.36,314333.87,1571669.46
2026-10-07 22:16:27 UTC,WETH,PancakeSwap,Uniswap v3,2566.4700,83234.1039,3143.136%,0.060%,3143.076%,31430.73,314307.54,1571537.80
2026-10-07 22:16:27 UTC,WETH,Aerodrome,Uniswap v3,2566.4700,83234.1039,3143.136%,0.100%,3143.036%,31430.33,314303.54,1571517.80
2026-10-07 22:16:27 UTC,cbBTC,Uniswap v3,PancakeSwap,2566.2300,83211.6137,3142.563%,0.060%,3142.503%,31425.00,314250.23,1571251.26
2026-10-07 22:16:27 UTC,cbBTC,Hydrex-Integral,PancakeSwap,2566.2300,83211.6137,3142.563%,0.060%,3142.503%,31425.00,314250.23,1571251.26
2026-10-07 22:16:27 UTC,cbBTC,Uniswap v3,Aerodrome,2566.2300,83210.6401,3142.525%,0.100%,3142.425%,31424.22,314242.43,1571212.29
2026-10-07 22:16:27 UTC,cbBTC,Hydrex-Integral,Aerodrome,2566.2300,83210.6401,3142.525%,0.100%,3142.425%,31424.22,314242.43,1571212.29
2026-10-07 22:16:27 UTC,WETH,Uniswap v3,PancakeSwap,2566.4700,83211.6137,3142.259%,0.020%,3142.239%,31422.36,314223.91,1571119.65
2026-10-07 22:16:27 UTC,WETH,Aerodrome,PancakeSwap,2566.4700,83211.6137,3142.259%,0.060%,3142.199%,31421.96,314219.91,1571099.65
2026-10-07 22:16:27 UTC,WETH,PancakeSwap,Aerodrome,2566.4700,83210.6401,3142.221%,0.060%,3142.161%,31421.58,314216.11,1571080.68
2026-10-07 22:16:27 UTC,WETH,Uniswap v3,Aerodrome,2566.4700,83210.6401,3142.221%,0.060%,3142.161%,31421.58,314216.11,1571080.68
2026-10-07 22:16:27 UTC,WETH,Uniswap v3,Aerodrome,2565.2600,83137.2264,3140.889%,0.350%,3140.539%,31405.36,314053.86,1570269.42
2026-10-07 22:16:27 UTC,cbBTC,Uniswap v3,Aerodrome,2566.2300,83137.2264,3139.664%,0.100%,3139.564%,31395.61,313956.36,1569781.91
2026-10-07 22:16:27 UTC,cbBTC,Hydrex-Integral,Aerodrome,2566.2300,83137.2264,3139.664%,0.100%,3139.564%,31395.61,313956.36,1569781.91
2026-10-07 22:16:27 UTC,WETH,PancakeSwap,Aerodrome,2566.4700,83137.2264,3139.361%,0.060%,3139.301%,31392.98,313930.06,1569650.43
2026-10-07 22:16:27 UTC,WETH,Uniswap v3,Aerodrome,2566.4700,83137.2264,3139.361%,0.060%,3139.301%,31392.98,313930.06,1569650.43
2026-10-07 22:16:27 UTC,cbBTC,Uniswap v3,Aerodrome,2566.2300,83121.0747,3139.035%,0.100%,3138.934%,31389.31,313893.42,1569467.21
2026-10-07 22:16:27 UTC,cbBTC,Hydrex-Integral,Aerodrome,2566.2300,83121.0747,3139.035%,0.100%,3138.934%,31389.31,313893.42,1569467.21
2026-10-07 22:16:27 UTC,WETH,Aerodrome,Uniswap v3,2565.2600,83086.6474,3138.917%,0.350%,3138.567%,31385.64,313856.69,1569283.57
2026-10-07 22:16:27 UTC,cbBTC,Hydrex-Integral,Uniswap v3,2566.2300,83100.6790,3138.240%,0.100%,3138.140%,31381.37,313813.94,1569069.83
2026-10-07 22:16:27 UTC,cbBTC,Hydrex-Integral,Uniswap v3,2566.2300,83086.6474,3137.693%,0.350%,3137.343%,31373.40,313734.26,1568671.44
2026-10-07 22:16:27 UTC,WETH,PancakeSwap,Uniswap v3,2566.4700,83086.6474,3137.390%,0.310%,3137.080%,31370.77,313707.99,1568540.05
2026-10-07 22:16:27 UTC,WETH,Aerodrome,Uniswap v3,2566.4700,83086.6474,3137.390%,0.350%,3137.040%,31370.37,313703.99,1568520.05
2026-10-07 22:16:27 UTC,WETH,Aerodrome,Uniswap v3,2928.9711,83234.1039,2741.752%,0.100%,2741.652%,27416.49,274165.20,1370826.12
2026-10-07 22:16:27 UTC,WETH,Aerodrome,PancakeSwap,2928.9711,83211.6137,2740.985%,0.060%,2740.925%,27409.21,274092.42,1370462.20
2026-10-07 22:16:27 UTC,cbBTC,Aerodrome,Uniswap v3,2940.3816,83512.5891,2740.196%,0.100%,2740.096%,27400.93,274009.54,1370047.80
2026-10-07 22:16:27 UTC,cbBTC,Aerodrome,PancakeSwap,2940.3816,83507.0551,2740.007%,0.060%,2739.947%,27399.44,273994.71,1369973.69
2026-10-07 22:16:27 UTC,WETH,Aerodrome,Uniswap v3,2928.9711,83086.6474,2736.718%,0.350%,2736.368%,27363.65,273636.76,1368183.92
2026-10-07 22:16:27 UTC,cbBTC,Aerodrome,Uniswap v3,2940.3816,83234.1039,2730.725%,0.100%,2730.625%,27306.22,273062.43,1365312.27
2026-10-07 22:16:27 UTC,cbBTC,Aerodrome,PancakeSwap,2940.3816,83211.6137,2729.960%,0.060%,2729.900%,27298.97,272989.94,1364949.83
2026-10-07 22:16:27 UTC,cbBTC,Aerodrome,Uniswap v3,2940.3816,83100.6790,2726.187%,0.100%,2726.087%,27260.84,272608.66,1363043.43
2026-10-07 22:16:27 UTC,cbBTC,Aerodrome,Uniswap v3,2940.3816,83086.6474,2725.710%,0.350%,2725.360%,27253.57,272535.94,1362679.83
2026-10-07 22:16:27 UTC,WETH,Uniswap v3,Aerodrome,0.9993,25.2019,2421.876%,0.350%,2421.526%,24215.23,242152.59,1210763.07
2026-10-07 22:16:27 UTC,WETH,Uniswap v3,Aerodrome,0.9993,25.0641,2408.084%,0.100%,2407.983%,24079.81,240798.32,1203991.74
2026-10-07 22:16:27 UTC,WETH,Uniswap v3,Aerodrome,0.9993,25.0571,2407.386%,0.100%,2407.286%,24072.83,240728.56,1203642.94
2026-10-07 22:16:27 UTC,cbBTC,Aerodrome,Uniswap v3,6.5710,151.4516,2204.857%,0.060%,2204.797%,22047.94,220479.63,1102398.29
2026-10-07 22:16:27 UTC,cbBTC,Aerodrome,Uniswap v3,116.2380,2566.2300,2107.738%,0.100%,2107.638%,21076.35,210763.81,1053819.17
2026-10-07 22:16:27 UTC,cbBTC,Aerodrome,Hydrex-Integral,116.2380,2566.2300,2107.738%,0.100%,2107.638%,21076.35,210763.81,1053819.17
2026-10-07 22:16:27 UTC,cbBTC,Uniswap v3,Aerodrome,151.4516,2940.3816,1841.466%,0.060%,1841.406%,18414.03,184140.52,920702.74
2026-10-07 22:16:27 UTC,cbBTC,Uniswap v3,Hydrex-Integral,151.4516,2566.2300,1594.422%,0.060%,1594.362%,15943.59,159436.17,797180.95
2026-10-07 22:16:27 UTC,WETH,Uniswap v3,Aerodrome,0.9993,6.5783,558.271%,0.100%,558.171%,5581.68,55817.10,279085.63
2026-10-07 22:16:27 UTC,cbBTC,Aerodrome,Uniswap v3,116.2380,151.4516,30.294%,0.060%,30.235%,302.31,3023.42,15117.21
2026-10-07 22:16:27 UTC,WETH,Aerodrome,Uniswap v3,0.7919,0.9993,26.195%,0.350%,25.845%,258.42,2584.43,12922.26
2026-10-07 22:16:27 UTC,cbBTC,Uniswap v3,Aerodrome,2566.2300,2940.3816,14.580%,0.100%,14.480%,144.77,1447.95,7239.88
2026-10-07 22:16:27 UTC,cbBTC,Hydrex-Integral,Aerodrome,2566.2300,2940.3816,14.580%,0.100%,14.480%,144.77,1447.95,7239.88
2026-10-07 22:16:27 UTC,WETH,PancakeSwap,Aerodrome,2566.4700,2928.9711,14.124%,0.060%,14.065%,140.62,1406.42,7032.22
2026-10-07 22:16:27 UTC,WETH,Uniswap v3,Aerodrome,2566.4700,2928.9711,14.124%,0.060%,14.065%,140.62,1406.42,7032.22
2026-10-07 22:16:27 UTC,WETH,Uniswap v3,Aerodrome,2565.2600,2928.9711,14.178%,0.350%,13.828%,138.25,1382.80,6914.14
2026-10-07 22:16:27 UTC,AERO,Aerodrome,Uniswap v3,0.7549,0.7922,4.944%,0.100%,4.845%,48.42,484.42,2422.23
2026-10-07 22:16:27 UTC,AERO,Aerodrome,PancakeSwap,0.7549,0.7908,4.758%,0.100%,4.658%,46.55,465.81,2329.15
2026-10-07 22:16:27 UTC,AERO,Aerodrome,Uniswap v3,0.7549,0.7920,4.920%,0.350%,4.569%,45.66,456.92,2284.70
2026-10-07 22:16:27 UTC,AERO,Aerodrome,Uniswap v3,0.7549,0.7853,4.031%,1.050%,2.981%,29.78,298.04,1490.31
2026-10-07 22:16:27 UTC,AERO,PancakeSwap,Aerodrome,0.7908,0.8072,2.071%,0.100%,1.971%,19.68,197.06,985.41
2026-10-07 22:16:27 UTC,AERO,Uniswap v3,Aerodrome,0.7922,0.8072,1.890%,0.100%,1.790%,17.87,178.95,894.88
2026-10-07 22:16:27 UTC,AERO,Uniswap v3,Aerodrome,0.7853,0.8072,2.785%,1.050%,1.735%,17.32,173.46,867.40
2026-10-07 22:16:27 UTC,AERO,Uniswap v3,Aerodrome,0.7920,0.8072,1.914%,0.350%,1.564%,15.61,156.39,782.05
2026-10-07 22:16:27 UTC,AERO,Aerodrome,Uniswap v3,0.7836,0.7922,1.105%,0.100%,1.005%,10.02,100.44,502.32
2026-10-07 22:16:27 UTC,AERO,Aerodrome,Uniswap v3,0.7839,0.7922,1.063%,0.100%,0.963%,9.60,96.25,481.37
2026-10-07 22:16:27 UTC,AERO,Aerodrome,PancakeSwap,0.7836,0.7908,0.925%,0.100%,0.825%,8.22,82.51,412.65
2026-10-07 22:16:27 UTC,AERO,Aerodrome,PancakeSwap,0.7839,0.7908,0.883%,0.100%,0.783%,7.81,78.32,391.74
2026-10-07 22:16:27 UTC,AERO,Aerodrome,Uniswap v3,0.7856,0.7922,0.844%,0.100%,0.744%,7.40,74.32,371.70
2026-10-07 22:16:27 UTC,AERO,Aerodrome,Uniswap v3,0.7836,0.7920,1.081%,0.350%,0.731%,7.28,73.03,365.25
2026-10-07 22:16:27 UTC,AERO,Aerodrome,Uniswap v3,0.7839,0.7920,1.039%,0.350%,0.689%,6.86,68.84,344.31
2026-10-07 22:16:27 UTC,AERO,PancakeSwap,Aerodrome,0.7908,0.7962,0.681%,0.100%,0.581%,5.78,58.08,290.54
2026-10-07 22:16:27 UTC,AERO,PancakeSwap,Aerodrome,0.7908,0.8036,1.620%,1.050%,0.570%,5.67,56.94,284.80
2026-10-07 22:16:27 UTC,AERO,Aerodrome,PancakeSwap,0.7856,0.7908,0.665%,0.100%,0.565%,5.62,56.43,282.26
2026-10-07 22:16:27 UTC,cbETH,Curve,Aerodrome,2923.1104,2940.3816,0.591%,0.100%,0.491%,4.88,49.05,245.39
2026-10-07 22:16:27 UTC,cbBTC,Uniswap v3,Aerodrome,83100.6790,83583.8803,0.582%,0.100%,0.481%,4.78,48.12,240.70
2026-10-07 22:16:27 UTC,AERO,Aerodrome,Uniswap v3,0.7856,0.7920,0.819%,0.350%,0.469%,4.66,46.91,234.66
2026-10-07 22:16:27 UTC,AERO,PancakeSwap,Aerodrome,0.7908,0.7952,0.556%,0.100%,0.456%,4.53,45.57,227.98
2026-10-07 22:16:27 UTC,cbBTC,Uniswap v3,PancakeSwap,83100.6790,83507.0551,0.489%,0.060%,0.429%,4.26,42.87,214.48
2026-10-07 22:16:27 UTC,cbBTC,Aerodrome,PancakeSwap,83121.0747,83507.0551,0.464%,0.060%,0.404%,4.01,40.41,202.15
2026-10-07 22:16:27 UTC,AERO,Uniswap v3,Aerodrome,0.7922,0.7962,0.503%,0.100%,0.403%,4.00,40.23,201.25
2026-10-07 22:16:27 UTC,AERO,Uniswap v3,Aerodrome,0.7922,0.8036,1.439%,1.050%,0.389%,3.86,38.91,194.67
2026-10-07 22:16:27 UTC,cbBTC,Uniswap v3,Aerodrome,83100.6790,83507.0551,0.489%,0.100%,0.389%,3.86,38.87,194.48
2026-10-07 22:16:27 UTC,WETH,PancakeSwap,Aerodrome,83211.6137,83583.8803,0.447%,0.060%,0.387%,3.84,38.71,193.66
2026-10-07 22:16:27 UTC,cbBTC,PancakeSwap,Aerodrome,83211.6137,83583.8803,0.447%,0.060%,0.387%,3.84,38.71,193.66
2026-10-07 22:16:27 UTC,cbBTC,Aerodrome,PancakeSwap,83137.2264,83507.0551,0.445%,0.060%,0.385%,3.82,38.45,192.39
2026-10-07 22:16:27 UTC,cbBTC,Aerodrome,Uniswap v3,83121.0747,83512.5891,0.471%,0.100%,0.371%,3.68,37.07,185.48
2026-10-07 22:16:27 UTC,cbBTC,Uniswap v3,Aerodrome,83100.6790,83451.7953,0.422%,0.060%,0.362%,3.60,36.22,181.23
2026-10-07 22:16:27 UTC,cbETH,Curve,Quickswap-V4,2923.1104,2936.3484,0.453%,0.100%,0.353%,3.50,35.26,176.41
2026-10-07 22:16:27 UTC,cbBTC,Aerodrome,Uniswap v3,83137.2264,83512.5891,0.452%,0.100%,0.351%,3.48,35.12,175.72
2026-10-07 22:16:27 UTC,cbETH,Maverick-V2,Aerodrome,2927.5532,2940.3816,0.438%,0.100%,0.338%,3.35,33.79,169.07
2026-10-07 22:16:27 UTC,AERO,Uniswap v3,Aerodrome,0.7853,0.7962,1.385%,1.050%,0.335%,3.32,33.51,167.68
2026-10-07 22:16:27 UTC,AERO,Uniswap v3,Aerodrome,0.7853,0.8036,2.330%,2.000%,0.331%,3.27,33.02,165.21
2026-10-07 22:16:27 UTC,WETH,Uniswap v3,Aerodrome,83234.1039,83583.8803,0.420%,0.100%,0.320%,3.17,31.99,160.09
2026-10-07 22:16:27 UTC,cbBTC,Uniswap v3,Aerodrome,83234.1039,83583.8803,0.420%,0.100%,0.320%,3.17,31.99,160.09
2026-10-07 22:16:27 UTC,cbBTC,PancakeSwap,Uniswap v3,83211.6137,83512.5891,0.362%,0.060%,0.302%,2.99,30.14,150.82
2026-10-07 22:16:27 UTC,cbETH,Quickswap-V4,Aerodrome,2928.7254,2940.3816,0.398%,0.100%,0.298%,2.95,29.77,148.97
2026-10-07 22:16:27 UTC,cbETH,Hydrex-Integral,Aerodrome,2928.7683,2940.3816,0.397%,0.100%,0.296%,2.94,29.62,148.23
2026-10-07 22:16:27 UTC,cbBTC,Aerodrome,PancakeSwap,83210.6401,83507.0551,0.356%,0.060%,0.296%,2.93,29.59,148.08
2026-10-07 22:16:27 UTC,cbBTC,PancakeSwap,Aerodrome,83211.6137,83507.0551,0.355%,0.060%,0.295%,2.92,29.47,147.49
2026-10-07 22:16:27 UTC,cbETH,Uniswap v3,Aerodrome,2928.9055,2940.3816,0.392%,0.100%,0.292%,2.89,29.15,145.88
2026-10-07 22:16:27 UTC,AERO,Uniswap v3,Aerodrome,0.7922,0.7952,0.378%,0.100%,0.278%,2.75,27.74,138.80
2026-10-07 22:16:27 UTC,cbBTC,PancakeSwap,Aerodrome,83211.6137,83451.7953,0.289%,0.020%,0.269%,2.66,26.83,134.29
2026-10-07 22:16:27 UTC,cbBTC,Uniswap v3,PancakeSwap,83234.1039,83507.0551,0.328%,0.060%,0.268%,2.65,26.76,133.94
2026-10-07 22:16:27 UTC,cbETH,PancakeSwap,Aerodrome,2930.8663,2940.3816,0.325%,0.060%,0.265%,2.62,26.44,132.30
2026-10-07 22:16:27 UTC,cbBTC,Aerodrome,Uniswap v3,83210.6401,83512.5891,0.363%,0.100%,0.263%,2.60,26.26,131.41
2026-10-07 22:16:27 UTC,cbETH,Curve,Alien-V3,2923.1104,2932.3460,0.316%,0.060%,0.256%,2.53,25.57,127.95
2026-10-07 22:16:27 UTC,WETH,Uniswap v3,Aerodrome,83086.6474,83583.8803,0.599%,0.350%,0.248%,2.45,24.82,124.20
2026-10-07 22:16:27 UTC,cbBTC,Uniswap v3,Aerodrome,83086.6474,83583.8803,0.599%,0.350%,0.248%,2.45,24.82,124.20
2026-10-07 22:16:27 UTC,cbBTC,Uniswap v3,Aerodrome,83234.1039,83507.0551,0.328%,0.100%,0.228%,2.25,22.76,113.94
2026-10-07 22:16:27 UTC,cbETH,Curve,Uniswap v3,2923.1104,2932.3861,0.317%,0.100%,0.217%,2.14,21.70,108.63
2026-10-07 22:16:27 UTC,cbETH,Alien-V3,Aerodrome,2932.3460,2940.3816,0.274%,0.060%,0.214%,2.11,21.37,106.99
2026-10-07 22:16:27 UTC,AERO,Uniswap v3,Aerodrome,0.7853,0.7952,1.259%,1.050%,0.209%,2.06,20.91,104.68
2026-10-07 22:16:27 UTC,cbETH,Curve,PancakeSwap,2923.1104,2930.8663,0.265%,0.060%,0.205%,2.02,20.50,102.63
2026-10-07 22:16:27 UTC,cbBTC,Uniswap v3,Aerodrome,83234.1039,83451.7953,0.262%,0.060%,0.202%,1.99,20.12,100.74
2026-10-07 22:16:27 UTC,cbETH,Maverick-V2,Quickswap-V4,2927.5532,2936.3484,0.300%,0.100%,0.200%,1.97,20.01,100.18
2026-10-07 22:16:27 UTC,cbBTC,Uniswap v3,PancakeSwap,83086.6474,83507.0551,0.506%,0.310%,0.196%,1.93,19.57,97.96
2026-10-07 22:16:27 UTC,AERO,Uniswap v3,Aerodrome,0.7920,0.7962,0.527%,0.350%,0.177%,1.74,17.63,88.25
2026-10-07 22:16:27 UTC,cbETH,Uniswap v3,Aerodrome,2932.3861,2940.3816,0.273%,0.100%,0.173%,1.70,17.24,86.30
2026-10-07 22:16:27 UTC,AERO,Uniswap v3,Aerodrome,0.7920,0.8036,1.464%,1.300%,0.164%,1.61,16.33,81.79
2026-10-07 22:16:27 UTC,cbETH,Hydrex-Integral,Quickswap-V4,2928.7683,2936.3484,0.259%,0.100%,0.159%,1.56,15.85,79.38
2026-10-07 22:16:27 UTC,cbBTC,Uniswap v3,Aerodrome,83086.6474,83507.0551,0.506%,0.350%,0.156%,1.53,15.57,77.96
2026-10-07 22:16:27 UTC,cbETH,Uniswap v3,Quickswap-V4,2928.9055,2936.3484,0.254%,0.100%,0.154%,1.51,15.38,77.03
2026-10-07 22:16:27 UTC,cbETH,Aerodrome,Quickswap-V4,2928.9711,2936.3484,0.252%,0.100%,0.152%,1.49,15.16,75.91
2026-10-07 22:16:27 UTC,AERO,Aerodrome,Uniswap v3,0.7884,0.7922,0.485%,0.350%,0.135%,1.32,13.49,67.58
2026-10-07 22:16:27 UTC,cbBTC,Uniswap v3,Aerodrome,83086.6474,83451.7953,0.440%,0.310%,0.130%,1.26,12.92,64.71
2026-10-07 22:16:27 UTC,cbETH,PancakeSwap,Quickswap-V4,2930.8663,2936.3484,0.187%,0.060%,0.127%,1.24,12.67,63.49
2026-10-07 22:16:27 UTC,cbETH,Maverick-V2,Alien-V3,2927.5532,2932.3460,0.164%,0.060%,0.104%,1.01,10.34,51.83
2026-10-07 22:16:27 UTC,cbETH,Curve,Aerodrome,2923.1104,2928.9711,0.201%,0.100%,0.101%,0.97,10.02,50.22
2026-10-07 22:16:27 UTC,cbETH,Curve,Uniswap v3,2923.1104,2928.9055,0.198%,0.100%,0.098%,0.95,9.80,49.10
2026-10-07 22:16:27 UTC,cbETH,Curve,Hydrex-Integral,2923.1104,2928.7683,0.194%,0.100%,0.094%,0.91,9.33,46.75
2026-10-07 22:16:27 UTC,cbETH,Curve,Quickswap-V4,2923.1104,2928.7254,0.192%,0.100%,0.092%,0.89,9.18,46.02
2026-10-07 22:16:27 UTC,AERO,PancakeSwap,Aerodrome,0.7908,0.7923,0.186%,0.100%,0.086%,0.83,8.53,42.75
2026-10-07 22:16:27 UTC,AERO,PancakeSwap,Uniswap v3,0.7908,0.7922,0.178%,0.100%,0.078%,0.75,7.74,38.82
2026-10-07 22:16:27 UTC,cbETH,Alien-V3,Quickswap-V4,2932.3460,2936.3484,0.137%,0.060%,0.076%,0.73,7.62,38.22
2026-10-07 22:16:27 UTC,cbBTC,Uniswap v3,PancakeSwap,83100.6790,83211.6137,0.134%,0.060%,0.073%,0.70,7.32,36.72
2026-10-07 22:16:27 UTC,cbETH,Maverick-V2,Uniswap v3,2927.5532,2932.3861,0.165%,0.100%,0.065%,0.62,6.48,32.51
2026-10-07 22:16:27 UTC,cbETH,Quickswap-V4,Alien-V3,2928.7254,2932.3460,0.124%,0.060%,0.064%,0.61,6.33,31.78
2026-10-07 22:16:27 UTC,cbETH,Hydrex-Integral,Alien-V3,2928.7683,2932.3460,0.122%,0.060%,0.062%,0.59,6.19,31.05
2026-10-07 22:16:27 UTC,cbETH,Uniswap v3,Alien-V3,2928.9055,2932.3460,0.117%,0.060%,0.058%,0.54,5.72,28.70
2026-10-07 22:16:27 UTC,cbETH,Aerodrome,Alien-V3,2928.9711,2932.3460,0.115%,0.060%,0.055%,0.52,5.49,27.58
2026-10-07 22:16:27 UTC,cbETH,Maverick-V2,PancakeSwap,2927.5532,2930.8663,0.113%,0.060%,0.053%,0.50,5.29,26.55
2026-10-07 22:16:27 UTC,cbETH,Curve,Maverick-V2,2923.1104,2927.5532,0.152%,0.100%,0.052%,0.49,5.17,25.96
2026-10-07 22:16:27 UTC,AERO,Uniswap v3,Aerodrome,0.7920,0.7952,0.402%,0.350%,0.052%,0.49,5.13,25.79
2026-10-07 22:17:30 UTC,AERO/WETH,Aerodrome,PancakeSwap,0.7856,0.7908,0.665%,0.100%,0.565%,5.62,56.43,282.26
2026-10-07 22:17:30 UTC,AERO/WETH,Aerodrome,Uniswap v3,0.7856,0.7920,0.819%,0.350%,0.469%,4.66,46.91,234.66
2026-10-07 22:17:30 UTC,cbBTC/USDC,Uniswap v3,PancakeSwap,83100.6790,83507.0551,0.489%,0.060%,0.429%,4.26,42.87,214.48
2026-10-07 22:17:30 UTC,cbBTC/USDC,Aerodrome,PancakeSwap,83121.0747,83507.0551,0.464%,0.060%,0.404%,4.01,40.41,202.15
2026-10-07 22:17:30 UTC,cbBTC/USDC,Uniswap v3,Aerodrome,83100.6790,83507.0551,0.489%,0.100%,0.389%,3.86,38.87,194.48
2026-10-07 22:17:30 UTC,cbBTC/WETH,PancakeSwap,Aerodrome,83211.6137,83583.8803,0.447%,0.060%,0.387%,3.84,38.71,193.66
2026-10-07 22:17:30 UTC,cbBTC/USDC,Aerodrome,Uniswap v3,83121.0747,83512.5891,0.471%,0.100%,0.371%,3.68,37.07,185.48
2026-10-07 22:17:30 UTC,cbBTC/WETH,PancakeSwap,Aerodrome,83256.6422,83583.8803,0.393%,0.060%,0.333%,3.30,33.27,166.49
2026-10-07 22:17:30 UTC,cbBTC/WETH,Uniswap v3,Aerodrome,83234.1039,83583.8803,0.420%,0.100%,0.320%,3.17,31.99,160.09
2026-10-07 22:17:30 UTC,cbBTC/WETH,Uniswap v3,Aerodrome,83234.1039,83583.8803,0.420%,0.100%,0.320%,3.17,31.99,160.09
2026-10-07 22:17:30 UTC,cbBTC/WETH,Uniswap v3,Aerodrome,83086.6474,83583.8803,0.599%,0.350%,0.248%,2.45,24.82,124.20
2026-10-07 22:17:30 UTC,cbBTC/WETH,Uniswap v3,Aerodrome,83086.6474,83583.8803,0.599%,0.350%,0.248%,2.45,24.82,124.20
2026-10-07 22:17:30 UTC,AERO/USDC,Aerodrome,Uniswap v3,0.7903,0.7923,0.247%,0.100%,0.147%,1.44,14.63,73.28
2026-10-07 22:17:30 UTC,cbBTC/WETH,Aerodrome,PancakeSwap,83137.2264,83256.6422,0.144%,0.060%,0.084%,0.81,8.33,41.79
2026-10-07 22:20:12 UTC,VIRTUAL/WETH,Aerodrome,Uniswap v3,0.7559,0.7696,1.818%,0.100%,1.718%,17.15,171.78,859.04
2026-10-07 22:20:12 UTC,VIRTUAL/WETH,Aerodrome,Uniswap v3,0.7559,0.7658,1.304%,0.100%,1.204%,12.01,120.38,602.02
2026-10-07 22:20:12 UTC,AERO/WETH,Aerodrome,PancakeSwap,0.7862,0.7911,0.629%,0.100%,0.529%,5.26,52.92,264.72
2026-10-07 22:20:12 UTC,cbBTC/WETH,PancakeSwap,Aerodrome,83256.6422,83583.8803,0.393%,0.060%,0.333%,3.30,33.27,166.49
2026-10-07 22:20:12 UTC,cbBTC/WETH,PancakeSwap,Aerodrome,83256.6422,83583.8803,0.393%,0.060%,0.333%,3.30,33.27,166.49
2026-10-07 22:20:12 UTC,AERO/USDC,Aerodrome,Uniswap v3,0.7817,0.7923,1.350%,1.050%,0.300%,2.97,29.97,149.99
2026-10-07 22:20:12 UTC,cbBTC/WETH,Uniswap v3,Aerodrome,83274.0397,83583.8803,0.372%,0.100%,0.272%,2.69,27.18,136.01
2026-10-07 22:20:12 UTC,cbBTC/WETH,Uniswap v3,Aerodrome,83274.0397,83583.8803,0.372%,0.100%,0.272%,2.69,27.18,136.01
2026-10-07 22:20:12 UTC,VIRTUAL/WETH,Aerodrome,Uniswap v3,0.7668,0.7696,0.367%,0.100%,0.267%,2.64,26.70,133.61
2026-10-07 22:20:12 UTC,VIRTUAL/WETH,Aerodrome,Uniswap v3,0.7669,0.7696,0.359%,0.100%,0.259%,2.56,25.84,129.34
2026-10-07 22:20:12 UTC,cbETH/WETH,Curve,Alien-V3,2923.1104,2932.3460,0.316%,0.060%,0.256%,2.53,25.57,127.95
2026-10-07 22:20:12 UTC,VIRTUAL/WETH,Aerodrome,Uniswap v3,0.7669,0.7696,0.356%,0.100%,0.256%,2.53,25.55,127.88
2026-10-07 22:20:12 UTC,cbBTC/WETH,Uniswap v3,Aerodrome,83086.6474,83583.8803,0.599%,0.350%,0.248%,2.45,24.82,124.20
2026-10-07 22:20:12 UTC,cbBTC/WETH,Uniswap v3,Aerodrome,83086.6474,83583.8803,0.599%,0.350%,0.248%,2.45,24.82,124.20
2026-10-07 22:20:12 UTC,cbETH/WETH,Curve,Uniswap v3,2923.1104,2932.3861,0.317%,0.100%,0.217%,2.14,21.70,108.63
2026-10-07 22:20:12 UTC,cbETH/WETH,Curve,PancakeSwap,2923.1104,2930.8663,0.265%,0.060%,0.205%,2.02,20.50,102.63
2026-10-07 22:20:12 UTC,AERO/USDC,Aerodrome,Uniswap v3,0.7903,0.7923,0.247%,0.100%,0.147%,1.44,14.63,73.28
2026-10-07 22:20:12 UTC,cbETH/WETH,Curve,Aerodrome,2923.1104,2930.0218,0.236%,0.100%,0.136%,1.33,13.61,68.19
2026-10-07 22:20:12 UTC,cbETH/WETH,Curve,Maverick-V2,2923.1104,2929.9452,0.234%,0.100%,0.134%,1.31,13.35,66.88
2026-10-07 22:20:12 UTC,cbETH/WETH,Curve,Hydrex-Integral,2923.1104,2928.7683,0.194%,0.100%,0.094%,0.91,9.33,46.75
2026-10-07 22:20:12 UTC,cbETH/WETH,Curve,Quickswap-V4,2923.1104,2928.7254,0.192%,0.100%,0.092%,0.89,9.18,46.02
2026-10-07 22:20:12 UTC,cbETH/WETH,Quickswap-V4,Alien-V3,2928.7254,2932.3460,0.124%,0.060%,0.064%,0.61,6.33,31.78
2026-10-07 22:20:12 UTC,cbETH/WETH,Hydrex-Integral,Alien-V3,2928.7683,2932.3460,0.122%,0.060%,0.062%,0.59,6.19,31.05
2026-10-07 22:20:12 UTC,VIRTUAL/WETH,Uniswap v3,Aerodrome,0.7658,0.7669,0.151%,0.100%,0.051%,0.48,5.08,25.50
2026-10-07 22:21:30 UTC,cbBTC/WETH,PancakeSwap,Aerodrome,83196.9663,83583.8803,0.465%,0.060%,0.405%,4.02,40.48,202.50
2026-10-07 22:21:30 UTC,cbBTC/WETH,PancakeSwap,Aerodrome,83196.9663,83583.8803,0.465%,0.060%,0.405%,4.02,40.48,202.50
2026-10-07 22:21:30 UTC,cbBTC/WETH,Uniswap v3,Aerodrome,83195.7233,83583.8803,0.467%,0.100%,0.367%,3.64,36.63,183.25
2026-10-07 22:21:30 UTC,cbBTC/WETH,Uniswap v3,Aerodrome,83195.7233,83583.8803,0.467%,0.100%,0.367%,3.64,36.63,183.25
2026-10-07 22:21:30 UTC,cbBTC/WETH,Uniswap v3,Aerodrome,83086.6474,83583.8803,0.599%,0.350%,0.248%,2.45,24.82,124.20
2026-10-07 22:21:30 UTC,cbBTC/WETH,Uniswap v3,Aerodrome,83086.6474,83583.8803,0.599%,0.350%,0.248%,2.45,24.82,124.20
2026-10-07 22:22:24 UTC,cbBTC/WETH,PancakeSwap,Aerodrome,83196.9663,83583.8803,0.465%,0.060%,0.405%,4.02,40.48,202.50
2026-10-07 22:22:24 UTC,cbBTC/WETH,Uniswap v3,Aerodrome,83195.7233,83583.8803,0.467%,0.100%,0.367%,3.64,36.63,183.25
